date,cycle,operators,delay,demand,late
2025-01-01T00:00:00.000Z,1260,3,3095,40,1
2025-01-02T00:00:00.000Z,1232,2,5828,22,1
2025-01-03T00:00:00.000Z,1420,2,1436,18,0
2025-01-04T00:00:00.000Z,592,1,1169,17,0
2025-01-05T00:00:00.000Z,440,1,6857,48,1
2025-01-06T00:00:00.000Z,1186,3,1704,10,0
2025-01-07T00:00:00.000Z,1212,2,5708,38,1
2025-01-08T00:00:00.000Z,492,1,6313,24,1
2025-01-09T00:00:00.000Z,438,1,4625,47,1
2025-01-10T00:00:00.000Z,1298,3,2372,44,1
2025-01-11T00:00:00.000Z,420,2,1869,39,1
2025-01-12T00:00:00.000Z,1021,2,4196,22,0
2025-01-13T00:00:00.000Z,881,1,942,36,1
2025-01-14T00:00:00.000Z,921,1,1999,31,1
2025-01-15T00:00:00.000Z,759,1,6866,35,1
2025-01-16T00:00:00.000Z,808,2,5284,41,1
2025-01-17T00:00:00.000Z,1184,1,4451,41,1
2025-01-18T00:00:00.000Z,1368,2,5654,32,1
2025-01-19T00:00:00.000Z,978,1,3142,46,1
2025-01-20T00:00:00.000Z,704,2,1214,10,0
2025-01-21T00:00:00.000Z,750,1,733,13,0
2025-01-22T00:00:00.000Z,420,1,1218,13,0
2025-01-23T00:00:00.000Z,1094,3,1666,22,0
2025-01-24T00:00:00.000Z,783,3,2030,12,0
2025-01-25T00:00:00.000Z,1330,1,731,46,1
2025-01-26T00:00:00.000Z,559,3,5398,43,1
2025-01-27T00:00:00.000Z,498,3,4486,33,1
2025-01-28T00:00:00.000Z,628,2,1242,21,0
2025-01-29T00:00:00.000Z,551,3,117,43,1
2025-01-30T00:00:00.000Z,453,3,3072,17,0
2025-01-31T00:00:00.000Z,495,3,78,46,1
2025-02-01T00:00:00.000Z,420,2,2674,31,1
2025-02-02T00:00:00.000Z,1356,3,5470,18,0
2025-02-03T00:00:00.000Z,1240,2,1075,47,1
2025-02-04T00:00:00.000Z,420,1,6560,25,1
2025-02-05T00:00:00.000Z,556,1,928,18,0
2025-02-06T00:00:00.000Z,420,1,5798,39,1
2025-02-07T00:00:00.000Z,846,3,4476,18,0
2025-02-08T00:00:00.000Z,804,1,5748,21,1
2025-02-09T00:00:00.000Z,1205,1,4744,48,1
2025-02-10T00:00:00.000Z,1026,1,3543,18,1
2025-02-11T00:00:00.000Z,1443,1,3413,28,1
2025-02-12T00:00:00.000Z,909,1,1469,42,1
2025-02-13T00:00:00.000Z,1058,2,4100,12,0
2025-02-14T00:00:00.000Z,495,1,3282,15,0
2025-02-15T00:00:00.000Z,420,2,4675,31,0
2025-02-16T00:00:00.000Z,457,3,3715,11,0
2025-02-17T00:00:00.000Z,1293,2,6761,19,1
2025-02-18T00:00:00.000Z,1426,2,1067,24,1
2025-02-19T00:00:00.000Z,1463,1,940,14,1
2025-02-20T00:00:00.000Z,420,1,1576,48,1
2025-02-21T00:00:00.000Z,420,3,133,16,0
2025-02-22T00:00:00.000Z,913,3,5061,31,1
2025-02-23T00:00:00.000Z,1318,2,3782,49,1
2025-02-24T00:00:00.000Z,893,2,4501,38,1
2025-02-25T00:00:00.000Z,420,2,1211,34,1
2025-02-26T00:00:00.000Z,1332,3,2404,37,1
2025-02-27T00:00:00.000Z,878,3,5439,17,0
2025-02-28T00:00:00.000Z,1127,1,6335,22,1
2025-03-01T00:00:00.000Z,1198,1,1895,21,1
2025-03-02T00:00:00.000Z,675,2,6132,13,0
2025-03-03T00:00:00.000Z,1184,1,2712,44,1
2025-03-04T00:00:00.000Z,1025,1,6650,37,1
2025-03-05T00:00:00.000Z,1000,2,77,28,1
2025-03-06T00:00:00.000Z,476,1,3907,31,1
2025-03-07T00:00:00.000Z,1465,3,3239,45,1
2025-03-08T00:00:00.000Z,686,2,5732,11,0
2025-03-09T00:00:00.000Z,950,2,1082,23,0
2025-03-10T00:00:00.000Z,1297,1,182,41,1
2025-03-11T00:00:00.000Z,1241,3,2223,17,0
2025-03-12T00:00:00.000Z,420,2,3401,25,0
2025-03-13T00:00:00.000Z,1181,1,86,25,1
2025-03-14T00:00:00.000Z,420,2,4194,38,1
2025-03-15T00:00:00.000Z,890,3,132,47,1
2025-03-16T00:00:00.000Z,1028,3,5803,36,1
2025-03-17T00:00:00.000Z,458,3,4850,42,1
2025-03-18T00:00:00.000Z,1366,2,98,46,1
2025-03-19T00:00:00.000Z,675,3,247,12,0
2025-03-20T00:00:00.000Z,519,2,1052,10,0
2025-03-21T00:00:00.000Z,1054,1,5762,34,1
2025-03-22T00:00:00.000Z,505,3,1011,38,1
2025-03-23T00:00:00.000Z,808,2,4499,44,1
2025-03-24T00:00:00.000Z,1419,3,5599,31,1
2025-03-25T00:00:00.000Z,1227,3,2908,38,1
2025-03-26T00:00:00.000Z,440,3,3522,26,0
2025-03-27T00:00:00.000Z,1178,2,2172,14,0
2025-03-28T00:00:00.000Z,653,3,4284,18,0
2025-03-29T00:00:00.000Z,1341,3,5267,37,1
2025-03-30T00:00:00.000Z,710,1,312,23,1
2025-03-31T00:00:00.000Z,484,1,3930,42,1
2025-04-01T00:00:00.000Z,1145,3,6956,39,1
2025-04-02T00:00:00.000Z,901,1,5396,32,1
2025-04-03T00:00:00.000Z,420,3,6023,32,1
2025-04-04T00:00:00.000Z,908,2,3647,11,0
2025-04-05T00:00:00.000Z,647,2,5805,20,0
2025-04-06T00:00:00.000Z,646,1,3070,16,0
2025-04-07T00:00:00.000Z,1456,1,6904,47,1
2025-04-08T00:00:00.000Z,1355,2,884,48,1
2025-04-09T00:00:00.000Z,1412,1,2359,12,0
2025-04-10T00:00:00.000Z,471,3,1582,24,0
2025-04-11T00:00:00.000Z,518,2,1412,13,0
2025-04-12T00:00:00.000Z,1344,3,3662,29,1
2025-04-13T00:00:00.000Z,807,2,6979,15,0
2025-04-14T00:00:00.000Z,1023,2,1243,28,1
2025-04-15T00:00:00.000Z,779,1,4323,34,1
2025-04-16T00:00:00.000Z,1458,2,6687,33,1
2025-04-17T00:00:00.000Z,1193,3,3099,36,1
2025-04-18T00:00:00.000Z,440,1,6748,10,0
2025-04-19T00:00:00.000Z,1318,3,2850,35,1
2025-04-20T00:00:00.000Z,742,3,1713,16,0
2025-04-21T00:00:00.000Z,1218,3,1419,44,1
2025-04-22T00:00:00.000Z,939,3,682,18,0
2025-04-23T00:00:00.000Z,420,1,214,38,1
2025-04-24T00:00:00.000Z,420,3,6354,20,0
2025-04-25T00:00:00.000Z,505,1,6603,43,1
2025-04-26T00:00:00.000Z,1495,2,2485,30,1
2025-04-27T00:00:00.000Z,833,2,4973,10,0
2025-04-28T00:00:00.000Z,927,3,2583,33,1
2025-04-29T00:00:00.000Z,890,1,6543,16,1
2025-04-30T00:00:00.000Z,746,1,840,34,1